event_type,users,conversion_rate,drop_off_rate,anomaly
view_homepage,29623,,,False
view_category,25060,0.8459642845086588,0.1540357154913412,False
view_product,13780,0.5498802873104549,0.4501197126895451,True
add_to_cart,3699,0.2684325108853411,0.7315674891146589,True
checkout,451,0.12192484455258178,0.8780751554474182,True
purchase,39,0.08647450110864745,0.9135254988913526,True
